"118","2025-01-06T22:36:19.380101956","false","2879",
"900","2025-01-06T22:36:19.382208296","false","1708",
"424","2025-01-06T22:36:19.382263370","false","8397",
"412","2025-01-06T22:36:19.382308545","false","5431",
"244","2025-01-06T22:36:19.382344222","false","0458",
"770","2025-01-06T22:36:19.382374529","false","1968",
"588","2025-01-06T22:36:19.382400989","false","5462",
"979","2025-01-06T22:36:19.382427289","false","1306",
"5","2025-01-06T22:36:19.382453929","false","3219",
"389","2025-01-06T22:36:19.382492943","false","1526",
